file,gas_p50,oil_p50,water_p50
sample_oil_water,,183.4235576475977,302.00681434835224
sample_well,769.6220296428139,,
